variant,qid,category,latency_s,f1_token,rouge_l,cit_p,cit_r,cit_f1,refusal,pred_answer
P0_zero_shot,RQ-001,simple_penalty,5.184017087012762,0.44943820224719094,0.32144304823672476,0.058823529411764705,1.0,0.1111111111111111,False,"Dựa trên các nguồn được cung cấp, hành vi không chấp hành hiệu lệnh của đèn tín hiệu giao thông (vượt đèn đỏ) đối với người điều khiển xe mô tô, xe gắn máy được quy định như sau:

*   **Mức phạt tiền:** Từ **600.000 đồng đến 800.000 đồng** (theo quy định tại Khoản 3 Điều 7 Nghị định 168/2024/NĐ-CP, trong đó điểm a Khoản 1 Điều 7 loại trừ các hành vi vi phạm quy định tại các khoản khác, bao gồm các điểm thuộc khoản 3).

*Lưu ý: Ngoài hình thức xử phạt chính, người điều khiển xe thực hiện hành vi "
P0_zero_shot,RQ-002,simple_penalty,2.0620625220035436,0.7042253521126761,0.7118361514646344,0.03125,1.0,0.06060606060606061,False,"Dựa trên ngữ cảnh được cung cấp, hành vi điều khiển xe ô tô trên đường mà trong máu hoặc hơi thở có nồng độ cồn nhưng chưa vượt quá 50 miligam/100 mililít máu hoặc chưa vượt quá 0,25 miligam/1 lít khí thở (mức 1) được quy định tại **điểm c khoản 6 Điều 6** của Nghị định 168/2024/NĐ-CP.

Mức phạt tiền cho hành vi này là từ **6.000.000 đồng đến 8.000.000 đồng**."
P0_zero_shot,RQ-003,simple_penalty,3.153292214992689,0.21052631578947367,0.23933601609657948,0.0,0.0,0.0,False,"Dựa trên các nguồn được cung cấp, mức phạt đối với hành vi không đội mũ bảo hiểm khi tham gia giao thông đường bộ được quy định như sau:

**1. Đối với người điều khiển xe mô tô, xe gắn máy và các loại xe tương tự:**
*   Hành vi không đội “mũ bảo hiểm cho người đi mô tô, xe máy” hoặc đội mũ không cài quai đúng quy cách khi điều khiển xe tham gia giao thông trên đường bộ thuộc trường hợp bị xử phạt và trừ điểm giấy phép lái xe (theo Điều 7, Khoản 2, Điểm h). Tuy nhiên, mức phạt tiền cụ thể cho hàn"
P0_zero_shot,RQ-004,simple_penalty,4.617988181009423,0.19375,0.19337794998238816,0.0,0.0,0.0,False,"Dựa trên các nguồn ngữ cảnh được cung cấp, quy định về việc xử phạt đối với xe máy (xe mô tô, xe gắn máy) đi vào đường cao tốc như sau:

*   Theo **Điều 25, Khoản 3 của Luật Trật tự ATGT đường bộ 2024**, xe mô tô, xe gắn máy và các loại xe tương tự xe mô tô, xe gắn máy **không được đi trên đường cao tốc**.
*   Tuy nhiên, trong các văn bản về xử phạt vi phạm hành chính (Nghị định 168/2024/NĐ-CP) được cung cấp trong ngữ cảnh, **không có điều khoản cụ thể nào quy định mức phạt tiền đối với hành vi "
P0_zero_shot,RQ-005,simple_penalty,2.7827923120057676,0.36220472440944884,0.3152454780361757,0.09090909090909091,1.0,0.16666666666666669,False,"Dựa trên các nguồn được cung cấp, việc sử dụng còi trong thời gian từ 22 giờ ngày hôm trước đến 05 giờ ngày hôm sau trong khu đông dân cư, khu vực cơ sở khám bệnh, chữa bệnh (trừ các xe ưu tiên đang đi làm nhiệm vụ) bị xử phạt như sau:

*   **Đối với người điều khiển xe ô tô và các loại xe tương tự xe ô tô:** Phạt tiền từ **400.000 đồng đến 600.000 đồng** (theo Điều 6, Khoản 1, Điểm đ của Nghị định 168/2024/NĐ-CP).
*   **Đối với người điều khiển xe mô tô, xe gắn máy và các loại xe tương tự:** Ph"
P0_zero_shot,RQ-006,multi_intent,5.041517218007357,0.25941422594142255,0.23371647509578544,0.0,0.0,0.0,False,"Dựa trên các nguồn dữ liệu được cung cấp, tôi xin giải đáp câu hỏi của bạn như sau:

1. **Về hành vi vượt đèn đỏ:**
   * Theo [Nguồn 3] (Điều 8, Khoản 7, Điểm c), đối với xe máy chuyên dùng, hành vi không chấp hành hiệu lệnh của đèn tín hiệu giao thông bị phạt tiền từ **6.000.000 đồng đến 8.000.000 đồng**.
   * Tuy nhiên, đối với xe mô tô, xe gắn máy, các văn bản trong ngữ cảnh **không quy định cụ thể mức phạt tiền cho hành vi vượt đèn đỏ**.

2. **Về hành vi không mang bằng lái xe:**
   * Trong "
P0_zero_shot,RQ-007,multi_intent,5.67019672600145,0.15618221258134493,0.12135278514588858,0.08333333333333333,1.0,0.15384615384615385,False,"Dựa trên các văn bản trong ngữ cảnh được cung cấp, việc xử phạt đối với hành vi xe máy chở 3 người và không đội mũ bảo hiểm được quy định như sau:

**1. Về hành vi chở quá số người quy định:**
*   Theo **Khoản 1 Điều 33 Luật Trật tự ATGT đường bộ 2024**, người lái xe mô tô hai bánh, xe gắn máy chỉ được chở một người. Việc chở tối đa hai người chỉ được áp dụng trong các trường hợp: chở người bệnh đi cấp cứu, áp giải người có hành vi vi phạm pháp luật, trẻ em dưới 12 tuổi, hoặc người già yếu, ngườ"
P0_zero_shot,RQ-008,multi_intent,3.4931701509922277,0.29177718832891253,0.2947731755424063,0.0,0.0,0.0,False,"Dựa trên các quy định chuyển tiếp tại Điều 89 của Luật Trật tự, an toàn giao thông đường bộ 2024, việc thay đổi đối với giấy phép lái xe (GPLX) hạng B1 và B2 được quy định như sau:

**1. Đối với người có nhu cầu đổi, cấp lại GPLX:**
*   **GPLX hạng B1, B2:** Được đổi, cấp lại sang GPLX hạng **B** hoặc hạng **C1** và chứng chỉ điều khiển xe máy chuyên dùng cho người điều khiển máy kéo có trọng tải đến 3.500 kg.
*   **GPLX hạng B1 số tự động:** Được đổi, cấp lại sang GPLX hạng **B** với điều kiện "
P0_zero_shot,RQ-009,multi_intent,2.528543754990096,0.43312101910828027,0.3606184629376989,0.0,0.0,0.0,False,"Dựa trên các nguồn tài liệu được cung cấp, quy định về độ tuổi lái xe như sau:

1.  **Đối với xe gắn máy (bao gồm xe máy 50cc):** Theo Điều 59 Luật Trật tự ATGT đường bộ 2024, người từ đủ **16 tuổi trở lên** được điều khiển xe gắn máy.
2.  **Đối với xe mô tô trên 125cc:** Theo Điều 59 Luật Trật tự ATGT đường bộ 2024, người từ đủ **18 tuổi trở lên** được cấp giấy phép lái xe hạng A (hạng này cấp cho người lái xe mô tô hai bánh có dung tích xi-lanh trên 125 cm³ hoặc có công suất động cơ điện trên "
P0_zero_shot,RQ-010,multi_intent,6.8701047630020184,0.15181518151815182,0.10803289057558509,0.0,0.0,0.0,False,"Dựa trên các nguồn thông tin được cung cấp, việc tịch thu phương tiện và các hình thức xử lý khác được quy định như sau:

### 1. Các trường hợp bị tịch thu phương tiện
Phương tiện sẽ bị tịch thu trong các trường hợp sau:

*   **Vi phạm về giấy tờ, nguồn gốc xuất xứ:**
    *   Người điều khiển xe không có chứng nhận đăng ký xe (hoặc bản sao chứng thực kèm giấy biên nhận của tổ chức tín dụng/ngân hàng đang giữ bản gốc) hoặc sử dụng chứng nhận đăng ký xe không do cơ quan có thẩm quyền cấp, không đú"
P0_zero_shot,RQ-011,cross_reference,2.3638017349876463,0.27272727272727276,0.1945773524720893,0.0,0.0,0.0,False,"Dựa trên các nguồn dữ liệu được cung cấp, không có thông tin cụ thể về mức phạt tiền đối với hành vi vi phạm tại **điểm a khoản 4 Điều 13 Nghị định 168/2024/NĐ-CP**.

Ngữ cảnh chỉ đề cập đến điểm a khoản 4 Điều 13 trong các quy định về biện pháp khắc phục hậu quả (tại khoản 11 Điều 13) và hình thức xử phạt bổ sung (tại khoản 10 Điều 13), nhưng không nêu mức phạt tiền cụ thể cho hành vi này."
P0_zero_shot,RQ-012,cross_reference,3.3793254400079604,0.3558282208588957,0.26441265713047246,0.0,0.0,0.0,False,"Dựa trên các nguồn ngữ cảnh được cung cấp, Nghị định 168/2024/NĐ-CP **không có quy định về hình thức phạt bổ sung tại khoản 8 Điều 32**.

Các thông tin liên quan đến Điều 32 trong ngữ cảnh chỉ bao gồm các khoản 16, 17, 18, 19, 20 và 21. Trong đó, khoản 18 quy định về các hình thức xử phạt bổ sung (như tịch thu biển số, tước quyền sử dụng giấy chứng nhận kiểm định, tước quyền sử dụng phù hiệu) đối với các hành vi vi phạm được dẫn chiếu từ các khoản khác, nhưng không phải là nội dung quy định trực"
P0_zero_shot,RQ-013,cross_reference,3.069747550995089,0.14035087719298248,0.09732748304746709,0.0,0.0,0.0,False,"Dựa trên các nguồn dữ liệu được cung cấp, không có thông tin cụ thể về **mức phạt tiền** (số tiền cụ thể) cho hành vi quy định tại điểm h khoản 14 Điều 32 Nghị định 168/2024/NĐ-CP.

Tuy nhiên, ngữ cảnh có đề cập đến các hình thức xử phạt và hệ quả liên quan đến hành vi này như sau:

1.  **Trừ điểm giấy phép lái xe:** Trong trường hợp chủ phương tiện là người trực tiếp điều khiển phương tiện, hành vi quy định tại điểm h khoản 14 Điều 32 bị trừ **02 điểm** giấy phép lái xe (theo điểm a khoản 21 Đi"
P0_zero_shot,RQ-014,cross_reference,2.5083701139956247,0.2170542635658915,0.11721108976118584,0.0,0.0,0.0,False,"Dựa trên các nguồn dữ liệu được cung cấp, không có thông tin quy định cụ thể về mức phạt tiền đối với ""Điểm b khoản 9 Điều 6"".

Các nội dung liên quan đến Điều 6 trong ngữ cảnh chỉ đề cập đến thẩm quyền xử phạt của Trưởng Công an cấp xã, Trưởng đồn Công an, Trưởng trạm Công an cửa khẩu, khu chế xuất (tại khoản 4 Điều 41) và không liệt kê mức phạt tiền cụ thể cho hành vi tại điểm b khoản 9 Điều 6."
P0_zero_shot,RQ-015,cross_reference,1.9113691480015405,0.4943820224719101,0.4385168369277336,0.25,1.0,0.4,False,"Dựa trên Khoản 2 Điều 48 Nghị định 168/2024/NĐ-CP trong ngữ cảnh được cung cấp, việc tạm giữ phương tiện, giấy tờ có liên quan đến người điều khiển và phương tiện vi phạm được thực hiện theo quy định tại **Luật Xử lý vi phạm hành chính**."
P0_zero_shot,RQ-016,procedure,3.1840960609988542,0.5694444444444445,0.5348270823185581,0.0,0.0,0.0,False,"Dựa vào Bảng chu kỳ kiểm định tại Khoản 2, Điều 35 của Thông tư 47/2024/TT-BGTVT (Nguồn 8), thời hạn kiểm định định kỳ đối với ô tô chở người đến 08 chỗ (không kể chỗ của người lái xe) không kinh doanh vận tải được quy định như sau:

*   **Thời gian sản xuất đến 07 năm:** Chu kỳ định kỳ là **24 tháng**.
*   **Thời gian sản xuất trên 07 năm đến 20 năm:** Chu kỳ định kỳ là **12 tháng**.
*   **Thời gian sản xuất trên 20 năm:** Chu kỳ định kỳ là **06 tháng**."
P0_zero_shot,RQ-017,procedure,3.4237248849967727,0.1906614785992218,0.19542542095067797,0.0,0.0,0.0,False,"Dựa trên các nguồn tài liệu được cung cấp, thủ tục phục hồi điểm giấy phép lái xe (GPLX) được chia thành hai trường hợp chính như sau:

### 1. Trường hợp GPLX chưa bị trừ hết điểm và không bị trừ điểm trong thời hạn 12 tháng
*   **Điều kiện:** Đủ thời hạn 12 tháng kể từ ngày bị trừ điểm gần nhất.
*   **Trình tự, thủ tục:**
    *   Dữ liệu điểm GPLX sẽ được **tự động phục hồi** đủ 12 điểm (bao gồm cả trường hợp GPLX đang trong thời hạn bị tước quyền sử dụng) và cập nhật tự động trong Cơ sở dữ liệ"
P0_zero_shot,RQ-018,procedure,3.23708596600045,0.1485148514851485,0.10225367852486496,0.0,0.0,0.0,False,"Dựa trên các nguồn dữ liệu được cung cấp, không có thông tin cụ thể quy định về **điều kiện để được cấp mới** Giấy phép lái xe hạng C.

Các nội dung liên quan đến hạng C trong ngữ cảnh chỉ bao gồm:
- **Quy định chuyển tiếp:** Giấy phép lái xe hạng C được giữ nguyên và đổi, cấp lại cùng hạng (kèm theo chứng chỉ điều khiển xe máy chuyên dùng cho người điều khiển máy kéo có trọng tải trên 3.500 kg) [Nguồn: Điều 89, Khoản 3, Điểm g].
- **Thời hạn sử dụng:** Giấy phép lái xe hạng C có thời hạn 05 năm"
P0_zero_shot,RQ-019,procedure,2.6721672429994214,0.4678362573099416,0.5010530749789385,0.0,0.0,0.0,False,"Dựa trên khoản 5 Điều 62 Luật Trật tự, an toàn giao thông đường bộ 2024 (Nguồn 2), giấy phép lái xe bị thu hồi khi thuộc một trong các trường hợp sau đây:

1. Người được cấp giấy phép lái xe không đủ điều kiện sức khỏe theo kết luận của cơ sở khám bệnh, chữa bệnh đối với từng hạng giấy phép lái xe.
2. Giấy phép lái xe được cấp sai quy định.
3. Giấy phép lái xe đã quá thời hạn tạm giữ hoặc hết thời hiệu thi hành quyết định xử phạt vi phạm hành chính theo quy định của pháp luật về xử lý vi phạm hà"
P0_zero_shot,RQ-020,procedure,13.521148027008167,0.21951219512195122,0.20654627539503384,0.0,0.0,0.0,False,"Dựa trên các nguồn thông tin được cung cấp, không có quy định cụ thể nào nêu rõ việc ""xe máy điện"" có cần phải đăng ký biển số hay không.

Tuy nhiên, theo **Điều 3, Khoản 1** của Thông tư 79/2024/TT-BCA, nguyên tắc đăng ký xe được quy định như sau: *""Xe cơ giới, xe máy chuyên dùng (sau đây viết gọn là xe) có nguồn gốc hợp pháp, bảo đảm tiêu chuẩn chất lượng an toàn kỹ thuật và bảo vệ môi trường thì được đăng ký, cấp biển số xe theo quy định tại Thông tư này.""*

Thông tư này quy định về trình tự,"
P0_zero_shot,RQ-021,out_of_scope,2.6886802619992523,0.20408163265306123,0.08846990572878898,1.0,1.0,1.0,False,"Dựa trên các nguồn ngữ cảnh được cung cấp, không có thông tin nào hướng dẫn về cách nấu món phở bò Nam Định. Các văn bản trong ngữ cảnh chỉ đề cập đến các quy định về thủ tục kiểm định khí thải xe máy, Luật Trật tự ATGT đường bộ, Luật Đường bộ, kinh doanh vận tải bằng xe ô tô và quy định về đăng ký xe."
P0_zero_shot,RQ-022,out_of_scope,1.9891884239914361,0.4583333333333333,0.3283983849259758,1.0,1.0,1.0,False,"Dựa trên các nguồn ngữ cảnh được cung cấp, không có thông tin nào về dự báo thời tiết tại Hà Nội."
P0_zero_shot,RQ-023,out_of_scope,2.3507963360025315,0.32653061224489793,0.3096446700507614,0.0,0.0,0.0,False,"Chào bạn, tôi là trí tuệ nhân tạo được thiết kế để hỗ trợ trả lời các câu hỏi dựa trên ngữ cảnh được cung cấp. Tôi không có cảm xúc hay tình trạng sức khỏe như con người, nhưng tôi luôn sẵn sàng hỗ trợ bạn giải đáp các thông tin liên quan đến Thông tư 36/2024/TT-BYT.

Tôi có thể giúp gì cho bạn hôm nay?"
P0_zero_shot,RQ-024,out_of_scope,3.0942300670139957,0.08191126279863481,0.05562068516347533,1.0,1.0,1.0,False,"Dựa trên các nguồn ngữ cảnh được cung cấp, không có thông tin quy định cụ thể về ""Luật dân sự về thừa kế"".

Các văn bản trong ngữ cảnh chỉ đề cập đến khái niệm ""người thừa kế"" trong một số trường hợp liên quan đến biển số xe trúng đấu giá và chuyển nhượng, trao đổi, tặng cho xe, cụ thể như sau:

*   **Đối với biển số xe trúng đấu giá:** Nếu người trúng đấu giá chết trong thời hạn 30 ngày kể từ ngày có thông báo kết quả (mà chưa được cấp quyết định xác nhận) hoặc trong thời hạn 12 tháng kể từ ngà"
P0_zero_shot,RQ-025,out_of_scope,3.220622341003036,0.22500000000000003,0.161660777385159,1.0,1.0,1.0,False,"Dựa trên các văn bản được cung cấp trong ngữ cảnh, không có thông tin nào đề cập đến chính sách giá xăng hiện nay. Các văn bản chỉ quy định về tiêu chuẩn khí thải, thủ tục kiểm định, điều kiện hoạt động của cơ sở đăng kiểm và tiêu chuẩn sức khỏe lái xe."
P1_role_only,RQ-001,simple_penalty,3.1967356399982236,0.34736842105263155,0.2680550248376003,0.058823529411764705,1.0,0.1111111111111111,False,"Dựa trên các nguồn tài liệu được cung cấp, hành vi vượt đèn đỏ (không chấp hành hiệu lệnh của đèn tín hiệu giao thông) đối với người điều khiển xe mô tô, xe gắn máy được quy định như sau:

*   **Mức phạt tiền:** Phạt tiền từ **200.000 đồng đến 400.000 đồng** (theo quy định tại Khoản 1 Điều 7 Nghị định 168/2024/NĐ-CP, hành vi không chấp hành hiệu lệnh, chỉ dẫn của biển báo hiệu, vạch kẻ đường, đèn tín hiệu giao thông).

Lưu ý: Các hành vi vi phạm cụ thể khác liên quan đến đèn tín hiệu hoặc hiệu l"
P1_role_only,RQ-002,simple_penalty,3.0069116989907343,0.6993865030674847,0.7360287891617273,0.03125,1.0,0.06060606060606061,False,"Dựa trên Nghị định 168/2024/NĐ-CP được cung cấp trong ngữ cảnh, hành vi điều khiển xe ô tô trên đường mà trong máu hoặc hơi thở có nồng độ cồn nhưng chưa vượt quá 50 miligam/100 mililít máu hoặc chưa vượt quá 0,25 miligam/1 lít khí thở (thường được gọi là mức 1) sẽ bị xử phạt như sau:

*   **Mức phạt tiền:** Từ 6.000.000 đồng đến 8.000.000 đồng (theo Khoản 6 Điều 6).
*   **Hình thức xử phạt bổ sung:** Bị trừ 06 điểm giấy phép lái xe (theo Điểm c Khoản 16 Điều 6)."
P1_role_only,RQ-003,simple_penalty,3.398225534998346,0.1900237529691211,0.22252621979024167,0.029411764705882353,1.0,0.05714285714285715,False,"Dựa trên các quy định tại Nghị định 168/2024/NĐ-CP, mức phạt đối với hành vi không đội mũ bảo hiểm khi tham gia giao thông được quy định như sau:

**1. Đối với người điều khiển xe mô tô, xe gắn máy và các loại xe tương tự:**
*   Hành vi không đội “mũ bảo hiểm cho người đi mô tô, xe máy” hoặc đội mũ không cài quai đúng quy cách khi điều khiển xe tham gia giao thông bị xử phạt theo **Điểm h Khoản 2 Điều 7**. (Mức phạt cụ thể cho nhóm hành vi tại Khoản 2 Điều 7 không được nêu chi tiết số tiền trong"
P1_role_only,RQ-004,simple_penalty,3.3448820439953124,0.23268698060941828,0.2109620624607001,0.0,0.0,0.0,False,"Dựa trên các quy định tại Nghị định 168/2024/NĐ-CP và Luật Trật tự, an toàn giao thông đường bộ 2024 được cung cấp trong ngữ cảnh, việc xử phạt đối với hành vi đi xe máy vào đường cao tốc được quy định như sau:

1. **Quy định cấm:** Theo Khoản 3 Điều 25 Luật Trật tự, an toàn giao thông đường bộ 2024, xe mô tô, xe gắn máy và các loại xe tương tự xe mô tô, xe gắn máy không được đi trên đường cao tốc (trừ phương tiện phục vụ việc quản lý, bảo trì đường cao tốc).

2. **Mức xử phạt:**
   * Đối với ng"
P1_role_only,RQ-005,simple_penalty,2.9583277530036867,0.3414634146341463,0.28969323578487993,0.09090909090909091,1.0,0.16666666666666669,False,"Dựa trên các quy định tại Nghị định 168/2024/NĐ-CP, việc sử dụng còi trong thời gian từ 22 giờ ngày hôm trước đến 05 giờ ngày hôm sau trong khu đông dân cư, khu vực cơ sở khám bệnh, chữa bệnh (trừ các xe ưu tiên đang đi làm nhiệm vụ) sẽ bị xử phạt như sau:

1. **Đối với người điều khiển xe ô tô và các loại xe tương tự xe ô tô:**
   - Hành vi này được quy định tại điểm đ khoản 1 Điều 6.
   - Mức phạt tiền: **Từ 400.000 đồng đến 600.000 đồng**.

2. **Đối với người điều khiển xe mô tô, xe gắn máy v"
P1_role_only,RQ-006,multi_intent,3.169588239994482,0.19672131147540983,0.17162079510703362,0.0,0.0,0.0,False,"Dựa trên các nguồn dữ liệu được cung cấp, tôi xin giải đáp thắc mắc của bạn như sau:

**1. Về hành vi vượt đèn đỏ:**
Theo Nghị định 168/2024/NĐ-CP, hành vi không chấp hành hiệu lệnh của đèn tín hiệu giao thông đối với người điều khiển xe máy chuyên dùng được quy định tại điểm c khoản 7 Điều 8 với mức **phạt tiền từ 6.000.000 đồng đến 8.000.000 đồng**.

*Lưu ý:* Đối với người điều khiển xe mô tô, xe gắn máy, các văn bản trong ngữ cảnh cung cấp không liệt kê cụ thể mức phạt cho hành vi ""vượt đèn đ"
P1_role_only,RQ-007,multi_intent,3.700903629011009,0.1483050847457627,0.14336656130966854,0.08333333333333333,1.0,0.15384615384615385,False,"Dựa trên các quy định tại Nghị định 168/2024/NĐ-CP và Luật Trật tự ATGT đường bộ 2024, việc xe máy chở 3 người và không đội mũ bảo hiểm được xử lý như sau:

**1. Về hành vi chở quá số người quy định:**
*   Theo Khoản 1 Điều 33 Luật Trật tự ATGT đường bộ 2024, người lái xe mô tô hai bánh, xe gắn máy chỉ được chở một người. Các trường hợp được chở tối đa hai người bao gồm:
    *   Chở người bệnh đi cấp cứu;
    *   Áp giải người có hành vi vi phạm pháp luật;
    *   Trẻ em dưới 12 tuổi;
    *   Ng"
P1_role_only,RQ-008,multi_intent,3.6822431680047885,0.26506024096385544,0.2640216411181245,0.0,0.0,0.0,False,"Dựa trên Luật Trật tự, an toàn giao thông đường bộ 2024, việc chuyển đổi giấy phép lái xe (GPLX) hạng B1 và B2 được quy định như sau:

**1. Quy định chuyển đổi khi có nhu cầu đổi, cấp lại:**
*   **GPLX hạng B1:** Được đổi, cấp lại sang giấy phép lái xe hạng **B** hoặc hạng **C1** và chứng chỉ điều khiển xe máy chuyên dùng cho người điều khiển máy kéo có trọng tải đến 3.500 kg.
*   **GPLX hạng B1 số tự động:** Được đổi, cấp lại sang giấy phép lái xe hạng **B** với điều kiện hạn chế là chỉ được đi"
P1_role_only,RQ-009,multi_intent,3.4870595510001294,0.3148148148148148,0.2492763493955389,0.0,0.0,0.0,False,"Dựa trên các quy định tại Luật Trật tự, an toàn giao thông đường bộ 2024, độ tuổi điều khiển xe máy được quy định như sau:

1. **Đối với xe gắn máy (bao gồm xe có dung tích xi-lanh dưới 50cc):**
   - Người đủ **16 tuổi trở lên** được phép điều khiển xe gắn máy (theo Điều 59, khoản 1, điểm a).

2. **Đối với xe mô tô (bao gồm xe trên 125cc):**
   - Để điều khiển xe mô tô (hạng A1, A), người lái xe phải đủ **18 tuổi trở lên** và được cấp giấy phép lái xe phù hợp (theo Điều 59, khoản 1, điểm b).

**"
P1_role_only,RQ-010,multi_intent,4.20860798699141,0.17679558011049723,0.09855988760098348,0.0,0.0,0.0,False,"Dựa trên các văn bản được cung cấp, việc tịch thu phương tiện và các hình thức xử lý khác được quy định như sau:

### 1. Các trường hợp bị tịch thu phương tiện
Phương tiện sẽ bị tịch thu trong các trường hợp sau:

*   **Vi phạm về giấy tờ, nguồn gốc xe:**
    *   Người điều khiển xe không có chứng nhận đăng ký xe (hoặc bản sao chứng thực kèm giấy biên nhận của tổ chức tín dụng đang giữ bản gốc) hoặc sử dụng chứng nhận đăng ký xe không do cơ quan có thẩm quyền cấp, không đúng số khung, số máy của"
P1_role_only,RQ-011,cross_reference,3.2406482140067965,0.18348623853211007,0.15476995940460078,0.0,0.0,0.0,False,"Dựa trên các nguồn dữ liệu được cung cấp, Nghị định 168/2024/NĐ-CP không liệt kê cụ thể mức phạt tiền cho hành vi tại **điểm a khoản 4 Điều 13**.

Tuy nhiên, theo **Nguồn 4** (Điều 13, Khoản 11, Điểm a), hành vi vi phạm quy định tại khoản 4 Điều 13 thuộc trường hợp bị áp dụng biện pháp khắc phục hậu quả là: ""buộc lắp đầy đủ thiết bị hoặc thay thế thiết bị đủ tiêu chuẩn, quy chuẩn an toàn kỹ thuật hoặc khôi phục lại tính năng kỹ thuật của thiết bị theo quy định; buộc thực hiện đúng quy định về bi"
P1_role_only,RQ-012,cross_reference,2.371226649003802,0.32941176470588235,0.30570056379202337,0.0,0.0,0.0,False,"Dựa trên các nguồn dữ liệu được cung cấp, không có thông tin cụ thể về nội dung của **khoản 8 Điều 32 Nghị định 168/2024/NĐ-CP**.

Các thông tin về hình thức xử phạt bổ sung tại Điều 32 chỉ được đề cập rải rác ở các khoản khác (như khoản 17, 18, 21) hoặc các điểm liên quan đến việc tịch thu phương tiện, tước quyền sử dụng phù hiệu, tước quyền sử dụng giấy chứng nhận kiểm định, và trừ điểm giấy phép lái xe.

Nếu bạn cần tra cứu về một hành vi cụ thể hoặc một khoản khác, vui lòng cung cấp thêm thô"
P1_role_only,RQ-013,cross_reference,6.125191648010514,0.14234875444839856,0.09041908098638998,0.0,0.0,0.0,False,"Dựa trên các nguồn dữ liệu được cung cấp, thông tin về hành vi quy định tại **điểm h khoản 14 Điều 32 Nghị định 168/2024/NĐ-CP** như sau:

1.  **Về việc trừ điểm giấy phép lái xe:**
    *   Theo **điểm a khoản 21 Điều 32**, trong trường hợp chủ phương tiện là người trực tiếp điều khiển phương tiện thực hiện hành vi quy định tại điểm h khoản 14 Điều 32 thì bị **trừ 02 điểm** giấy phép lái xe.

2.  **Về biện pháp khắc phục hậu quả:**
    *   Theo **điểm d khoản 19 Điều 32**, đối với hành vi quy đị"
P1_role_only,RQ-014,cross_reference,8.705781823999132,0.21875,0.1517412935323383,0.0,0.0,0.0,False,"Dựa trên các nguồn dữ liệu được cung cấp, không có thông tin cụ thể về mức phạt tiền đối với hành vi quy định tại **điểm b khoản 9 Điều 6**.

Các nội dung liên quan đến Điều 6 trong ngữ cảnh chỉ đề cập đến thẩm quyền xử phạt của Trưởng Công an cấp xã (tại khoản 4 Điều 41) đối với một số điểm, khoản của Điều 6, nhưng không liệt kê hoặc quy định mức phạt tiền cụ thể cho điểm b khoản 9 Điều 6."
P1_role_only,RQ-015,cross_reference,3.9835813710087677,0.43243243243243246,0.36298152207954903,0.25,1.0,0.4,False,"Dựa trên Khoản 2 Điều 48 Nghị định 168/2024/NĐ-CP được cung cấp trong ngữ cảnh, việc tạm giữ phương tiện, giấy tờ có liên quan đến người điều khiển và phương tiện vi phạm được thực hiện theo quy định tại **Luật Xử lý vi phạm hành chính** (cụ thể là các điểm a, c khoản 1; khoản 2; khoản 6; khoản 7; khoản 8 Điều 125 của Luật này)."
P1_role_only,RQ-016,procedure,3.990564809006173,0.5774647887323944,0.5414201183431953,0.0,0.0,0.0,False,"Dựa trên Bảng chu kỳ kiểm định tại Khoản 2, Điều 35 của Thông tư 47/2024/TT-BGTVT, thời hạn đăng kiểm định kỳ đối với ô tô chở người đến 08 chỗ (không kể chỗ của người lái xe) không kinh doanh vận tải được quy định như sau:

*   **Thời gian sản xuất đến 07 năm:** Chu kỳ định kỳ là **24 tháng**.
*   **Thời gian sản xuất trên 07 năm đến 20 năm:** Chu kỳ định kỳ là **12 tháng**.
*   **Thời gian sản xuất trên 20 năm:** Chu kỳ định kỳ là **06 tháng**."
P1_role_only,RQ-017,procedure,3.362814736989094,0.19083969465648853,0.19631363370392044,0.0,0.0,0.0,False,"Dựa trên Nghị định 168/2024/NĐ-CP, thủ tục phục hồi điểm giấy phép lái xe (GPLX) được quy định cho hai trường hợp cụ thể như sau:

### 1. Trường hợp GPLX chưa bị trừ hết điểm và không bị trừ điểm trong thời hạn 12 tháng
*   **Tự động phục hồi:** Khi đủ thời hạn 12 tháng kể từ ngày bị trừ điểm gần nhất, dữ liệu điểm GPLX sẽ được tự động phục hồi đủ 12 điểm (bao gồm cả trường hợp GPLX đang trong thời hạn bị tước quyền sử dụng).
*   **Cập nhật dữ liệu:** Hệ thống Cơ sở dữ liệu về xử lý vi phạm hành"
P1_role_only,RQ-018,procedure,2.8926864250097424,0.13664596273291926,0.08746564703070857,0.0,0.0,0.0,False,"Dựa trên các nguồn thông tin được cung cấp, các quy định liên quan đến Giấy phép lái xe (GPLX) hạng C như sau:

1. **Về quy định chuyển tiếp:** Theo Khoản 3 Điều 89 Luật Trật tự ATGT đường bộ 2024, đối với người đã có GPLX hạng C được cấp trước ngày Luật này có hiệu lực, khi có nhu cầu đổi, cấp lại thì được giữ nguyên hạng C và được cấp thêm chứng chỉ điều khiển xe máy chuyên dùng cho người điều khiển máy kéo có trọng tải trên 3.500 kg.
2. **Về thời hạn sử dụng:** Theo Điểm b Khoản 5 Điều 57 Luậ"
P1_role_only,RQ-019,procedure,3.7063515670015477,0.31128404669260706,0.34488257465932154,0.0,0.0,0.0,False,"Dựa trên Khoản 5 Điều 62 Luật Trật tự, an toàn giao thông đường bộ 2024, Giấy phép lái xe bị thu hồi khi thuộc một trong các trường hợp sau đây:

1. Người được cấp giấy phép lái xe không đủ điều kiện sức khỏe theo kết luận của cơ sở khám bệnh, chữa bệnh đối với từng hạng giấy phép lái xe.
2. Giấy phép lái xe được cấp sai quy định.
3. Giấy phép lái xe đã quá thời hạn tạm giữ hoặc hết thời hiệu thi hành quyết định xử phạt vi phạm hành chính theo quy định của pháp luật về xử lý vi phạm hành chính n"
P1_role_only,RQ-020,procedure,4.19452673199703,0.17142857142857143,0.1417505809450039,0.0,0.0,0.0,False,"Dựa trên các văn bản được cung cấp, quy định về việc đăng ký xe được nêu tại Điều 3 Thông tư 79/2024/TT-BCA như sau:

*   **Khoản 1 Điều 3** quy định: ""Xe cơ giới, xe máy chuyên dùng (sau đây viết gọn là xe) có nguồn gốc hợp pháp, bảo đảm tiêu chuẩn chất lượng an toàn kỹ thuật và bảo vệ môi trường thì được đăng ký, cấp biển số xe theo quy định tại Thông tư này.""

Thông tư 79/2024/TT-BCA quy định về trình tự, thủ tục cấp, thu hồi chứng nhận đăng ký xe, biển số xe cơ giới, xe máy chuyên dùng. Tuy "
P1_role_only,RQ-021,out_of_scope,2.5784024400054477,0.21739130434782608,0.09355828220858894,1.0,1.0,1.0,False,"Dựa trên các nguồn ngữ cảnh được cung cấp, không có thông tin nào hướng dẫn về cách nấu món phở bò Nam Định. Các văn bản này chỉ quy định về thủ tục kiểm định khí thải xe máy, Luật Trật tự ATGT đường bộ, Luật Đường bộ, kinh doanh vận tải bằng xe ô tô và quy định về đăng ký xe."
P1_role_only,RQ-022,out_of_scope,1.919495885987999,0.3934426229508197,0.30314743235781333,1.0,1.0,1.0,False,"Dựa trên các nguồn ngữ cảnh được cung cấp, không có thông tin nào liên quan đến dự báo thời tiết tại Hà Nội. Do đó, tôi không thể trả lời câu hỏi của bạn."
P1_role_only,RQ-023,out_of_scope,1.5736916190071497,0.5915492957746479,0.585693710993759,1.0,1.0,1.0,False,"Chào bạn, tôi là Trợ lý Pháp lý Giao thông Việt Nam. Tôi luôn sẵn sàng hỗ trợ bạn các thông tin liên quan đến tiêu chuẩn sức khỏe lái xe theo quy định hiện hành. Rất cảm ơn bạn đã hỏi thăm!"
P1_role_only,RQ-024,out_of_scope,3.2971949779894203,0.08200455580865602,0.05923898649245167,0.0,0.0,0.0,False,"Dựa trên các nguồn dữ liệu được cung cấp, các quy định liên quan đến thừa kế trong lĩnh vực giao thông đường bộ được thể hiện như sau:

1. **Đối với biển số xe trúng đấu giá:**
   - Người trúng đấu giá biển số xe có quyền để thừa kế xe gắn với biển số xe trúng đấu giá (Khoản 1 Điều 38 Luật Trật tự ATGT đường bộ 2024).
   - Trong thời hạn 30 ngày kể từ ngày có thông báo kết quả trúng đấu giá mà chưa được cấp quyết định xác nhận biển số xe trúng đấu giá, nếu người trúng đấu giá chết thì kết quả tr"
P1_role_only,RQ-025,out_of_scope,6.479174152002088,0.2105263157894737,0.13868889730958694,1.0,1.0,1.0,False,"Dựa trên các nguồn tài liệu được cung cấp, không có thông tin nào đề cập đến chính sách giá xăng hiện nay. Các văn bản chỉ quy định về tiêu chuẩn nhiên liệu sử dụng trong thử nghiệm khí thải (như xăng không chì, xăng E5, E10, nhiên liệu chuẩn) và các yêu cầu kỹ thuật liên quan đến khí thải đối với xe cơ giới, xe máy chuyên dùng."
P2_full_rules,RQ-001,simple_penalty,1.5917648330068914,0.07272727272727272,0.0328133405056482,0.0,0.0,0.0,True,Thông tin này không có trong tài liệu được cung cấp.
P2_full_rules,RQ-002,simple_penalty,2.0936521959956735,0.7972027972027973,0.5632102272727272,0.03125,1.0,0.06060606060606061,False,"Phạt tiền từ 6.000.000 đồng đến 8.000.000 đồng và bị trừ 06 điểm giấy phép lái xe đối với hành vi điều khiển xe ô tô trên đường mà trong máu hoặc hơi thở có nồng độ cồn nhưng chưa vượt quá 50 miligam/100 mililít máu hoặc chưa vượt quá 0,25 miligam/1 lít khí thở [Điều 6, Khoản 6, Điểm c — NĐ 168/2024/NĐ-CP] [Điều 6, Khoản 16, Điểm c — NĐ 168/2024/NĐ-CP]."
P2_full_rules,RQ-003,simple_penalty,7.159263146997546,0.2557377049180327,0.2949783013019219,0.029411764705882353,1.0,0.05714285714285715,True,"1. Đối với người điều khiển xe mô tô, xe gắn máy, các loại xe tương tự xe mô tô và các loại xe tương tự xe gắn máy: Không đội “mũ bảo hiểm cho người đi mô tô, xe máy” hoặc đội “mũ bảo hiểm cho người đi mô tô, xe máy” không cài quai đúng quy cách khi điều khiển xe tham gia giao thông trên đường bộ [Điều 7, Khoản 2, Điểm h — NĐ 168/2024/NĐ-CP]. (Thông tin về mức phạt tiền cụ thể cho hành vi này không có trong tài liệu được cung cấp).

2. Đối với người được chở trên xe mô tô, xe gắn máy, các loại x"
P2_full_rules,RQ-004,simple_penalty,2.285328614001628,0.0,0.0,0.0,0.0,0.0,True,Thông tin này không có trong tài liệu được cung cấp.
P2_full_rules,RQ-005,simple_penalty,2.230131568998331,0.3493975903614458,0.29437683592110786,0.09090909090909091,1.0,0.16666666666666669,True,"1. Đối với người điều khiển xe ô tô và các loại xe tương tự xe ô tô: Phạt tiền từ 400.000 đồng đến 600.000 đồng [Điều 6, Khoản 1, Điểm đ — NĐ 168/2024/NĐ-CP].

2. Đối với người điều khiển xe mô tô, xe gắn máy và các loại xe tương tự: Phạt tiền từ 400.000 đồng đến 600.000 đồng [Điều 7, Khoản 1, Điểm i — NĐ 168/2024/NĐ-CP] [Điều 7, Khoản 2 — NĐ 168/2024/NĐ-CP].

Thông tin về số điểm trừ giấy phép lái xe đối với hành vi này không có trong tài liệu được cung cấp."
P2_full_rules,RQ-006,multi_intent,3.115150840007118,0.032786885245901634,0.029397590361445784,0.0,0.0,0.0,True,Thông tin này không có trong tài liệu được cung cấp.
P2_full_rules,RQ-007,multi_intent,2.909395027993014,0.24199288256227755,0.1935483870967742,0.10526315789473684,1.0,0.1904761904761905,True,"1. Phạt tiền từ 200.000 đồng đến 400.000 đồng đối với người điều khiển xe mô tô, xe gắn máy chở người ngồi trên xe không đội “mũ bảo hiểm cho người đi mô tô, xe máy” hoặc đội “mũ bảo hiểm cho người đi mô tô, xe máy” không cài quai đúng quy cách, trừ trường hợp chở người bệnh đi cấp cứu, trẻ em dưới 06 tuổi, áp giải người có hành vi vi phạm pháp luật [Điều 7, Khoản 2, Điểm i — NĐ 168/2024/NĐ-CP].

2. Phạt tiền từ 400.000 đồng đến 600.000 đồng đối với người được chở trên xe mô tô, xe gắn máy không"
P2_full_rules,RQ-008,multi_intent,2.2024737500032643,0.3109243697478992,0.25626406601650414,0.0,0.0,0.0,False,"1. Giấy phép lái xe hạng B1 cấp cho người lái xe mô tô ba bánh và các loại xe quy định cho giấy phép lái xe hạng A1 [Điều 57, Khoản 1, Điểm c — Luật Trật tự ATGT đường bộ 2024].

2. Giấy phép lái xe hạng B1 và B2 được cấp trước ngày Luật Trật tự ATGT đường bộ 2024 có hiệu lực thi hành được đổi, cấp lại sang giấy phép lái xe hạng B hoặc hạng C1 [Điều 89, Khoản 3, Điểm e — Luật Trật tự ATGT đường bộ 2024].

3. Giấy phép lái xe hạng B1 số tự động được đổi, cấp lại sang giấy phép lái xe hạng B với đ"
P2_full_rules,RQ-009,multi_intent,3.0066272120020585,0.3380281690140845,0.31562607795791653,0.0,0.0,0.0,False,"1. Người đủ 16 tuổi trở lên được điều khiển xe gắn máy [Điều 59, Khoản 1, Điểm a — Luật Trật tự ATGT đường bộ 2024 (Nguồn 1)].

2. Người đủ 18 tuổi trở lên được cấp giấy phép lái xe hạng A1 để điều khiển xe mô tô hai bánh có dung tích xi-lanh đến 125 cm hoặc có công suất động cơ điện đến 11 kW [Điều 59, Khoản 1, Điểm b — Luật Trật tự ATGT đường bộ 2024 (Nguồn 1)] [Điều 57, Khoản 1, Điểm a — Luật Trật tự ATGT đường bộ 2024 (Nguồn 4)].

3. Người đủ 18 tuổi trở lên được cấp giấy phép lái xe hạng A "
P2_full_rules,RQ-010,multi_intent,3.902314111008309,0.13245033112582782,0.10688360450563204,0.0,0.0,0.0,True,"Dựa trên các tài liệu được cung cấp, các trường hợp liên quan đến việc tịch thu phương tiện được quy định như sau:

1. Tịch thu phương tiện đối với người điều khiển xe ô tô (bao gồm cả rơ moóc hoặc sơ mi rơ moóc được kéo theo), xe chở người bốn bánh có gắn động cơ, xe chở hàng bốn bánh có gắn động cơ và các loại xe tương tự xe ô tô khi:
   - Điều khiển xe quá niên hạn sử dụng tham gia giao thông (trừ trường hợp quy định tại điểm c khoản 5 Điều 13) [Điều 13, Khoản 9, Điểm a — NĐ 168/2024/NĐ-CP].
"
P2_full_rules,RQ-011,cross_reference,36.87647747599112,0.03773584905660377,0.03413542249580302,0.0,0.0,0.0,True,Thông tin này không có trong tài liệu được cung cấp.
P2_full_rules,RQ-012,cross_reference,2.407047208005679,0.03333333333333333,0.029916625796959292,0.0,0.0,0.0,True,Thông tin này không có trong tài liệu được cung cấp.
P2_full_rules,RQ-013,cross_reference,1.2404354730097111,0.1276595744680851,0.038828771483131755,0.0,0.0,0.0,True,Thông tin này không có trong tài liệu được cung cấp.
P2_full_rules,RQ-014,cross_reference,1.906141525003477,0.12244897959183672,0.11138161898965307,0.0,0.0,0.0,True,Thông tin này không có trong tài liệu được cung cấp.
P2_full_rules,RQ-015,cross_reference,3.0915828849974787,0.4799999999999999,0.4256432621020498,0.25,1.0,0.4,False,"Khoản 2 Điều 48 Nghị định 168/2024/NĐ-CP nhắc đến việc tạm giữ phương tiện theo quy định tại Luật Xử lý vi phạm hành chính [Điều 48, Khoản 2 — NĐ 168/2024/NĐ-CP]."
P2_full_rules,RQ-016,procedure,3.3977740359987365,0.4666666666666668,0.46304434678385936,0.0,0.0,0.0,False,"Thời hạn đăng kiểm định kỳ đối với ô tô chở người đến 08 chỗ (không kể chỗ của người lái xe) không kinh doanh vận tải được quy định như sau:

1. Đối với xe có thời gian sản xuất đến 07 năm: Chu kỳ định kỳ là 24 tháng [Điều 35, Khoản 2 — Thông tư 47/2024/TT-BGTVT (47/2024/TT-BGTVT)].

2. Đối với xe có thời gian sản xuất trên 07 năm đến 20 năm: Chu kỳ định kỳ là 12 tháng [Điều 35, Khoản 2 — Thông tư 47/2024/TT-BGTVT (47/2024/TT-BGTVT)].

3. Đối với xe có thời gian sản xuất trên 20 năm: Chu kỳ định"
P2_full_rules,RQ-017,procedure,4.048558742011664,0.17142857142857143,0.1777044086230336,0.125,1.0,0.2222222222222222,False,"Thủ tục phục hồi điểm giấy phép lái xe được quy định tùy theo từng trường hợp cụ thể như sau:

1. Đối với trường hợp giấy phép lái xe chưa bị trừ hết điểm và không bị trừ điểm trong thời hạn 12 tháng kể từ ngày bị trừ điểm gần nhất:
a) Khi đủ thời hạn 12 tháng, dữ liệu điểm giấy phép lái xe sẽ được tự động phục hồi đủ 12 điểm (bao gồm cả trường hợp giấy phép lái xe đang trong thời hạn bị tước quyền sử dụng) và cập nhật tự động trong Cơ sở dữ liệu về xử lý vi phạm hành chính về trật tự, an toàn g"
P2_full_rules,RQ-018,procedure,2.0112754099973245,0.05,0.046247156937073534,0.0,0.0,0.0,True,Thông tin này không có trong tài liệu được cung cấp.
P2_full_rules,RQ-019,procedure,3.8961811589979334,0.26086956521739135,0.2916456970306996,0.047619047619047616,1.0,0.0909090909090909,False,"Các trường hợp dẫn đến bị thu hồi Giấy phép lái xe theo quy định bao gồm:

1. Người được cấp giấy phép lái xe không đủ điều kiện sức khỏe theo kết luận của cơ sở khám bệnh, chữa bệnh đối với từng hạng giấy phép lái xe [Điều 62, Khoản 5, Điểm a — Luật Trật tự, an toàn giao thông đường bộ 2024 (36/2024/QH15)].

2. Giấy phép lái xe được cấp sai quy định [Điều 62, Khoản 5, Điểm b — Luật Trật tự, an toàn giao thông đường bộ 2024 (36/2024/QH15)].

3. Giấy phép lái xe đã quá thời hạn tạm giữ hoặc hết t"
P2_full_rules,RQ-020,procedure,8.369830703988555,0.04878048780487805,0.045018450184501846,0.0,0.0,0.0,True,Thông tin này không có trong tài liệu được cung cấp.
P2_full_rules,RQ-021,out_of_scope,5.380104859010316,0.15384615384615383,0.0950896336710834,1.0,1.0,1.0,True,Thông tin này không có trong tài liệu được cung cấp.
P2_full_rules,RQ-022,out_of_scope,2.0523889559990494,0.3243243243243243,0.15111478117258464,1.0,1.0,1.0,True,Thông tin này không có trong tài liệu được cung cấp.
P2_full_rules,RQ-023,out_of_scope,2.0630221699975664,0.05128205128205127,0.0475448168355417,1.0,1.0,1.0,True,Thông tin này không có trong tài liệu được cung cấp.
P2_full_rules,RQ-024,out_of_scope,1.5745609480072744,0.046511627906976744,0.042747021723896286,1.0,1.0,1.0,True,Thông tin này không có trong tài liệu được cung cấp.
P2_full_rules,RQ-025,out_of_scope,7.963118257001042,0.1142857142857143,0.10711150131694469,1.0,1.0,1.0,True,Thông tin này không có trong tài liệu được cung cấp.
